2020012,Shelden Vern,Alekseicik Sarl,2020012@universdiad.edu.com,vsarlqa@guardian.co.uk,10 790 443 930,8ihdTn,825 854 371,1,1,1,https://cdn.pixabay.com/photo/2015/10/05/22/37/blank-profile-picture-973460_1280.png
2020013,Barrie Fabien,Algeo Stanborough,2020013@universdiad.edu.com,fstanboroughlw@wordpress.org,8 831 315 616,IBmQAB,294 998 188,1,2,2,https://cdn.pixabay.com/photo/2015/10/05/22/37/blank-profile-picture-973460_1280.png
2020014,Lian Glyn,Allabarton Postan,2020014@universdiad.edu.com,gpostanr8@drupal.org,2 933 333 300,TaBKJJ,202 200 996,2,3,3,https://cdn.pixabay.com/photo/2015/10/05/22/37/blank-profile-picture-973460_1280.png
2020015,Yale Hebert,Allabush Zammitt,2020015@universdiad.edu.com,hzammitt39@com.com,3 877 997 762,DT5Q26,417 584 404,2,4,4,https://cdn.pixabay.com/photo/2015/10/05/22/37/blank-profile-picture-973460_1280.png
2020016,Kylynn Della,Allinson Clinch,2020016@universdiad.edu.com,dclincheo@zdnet.com,2 687 146 189,ridIiO,108 130 919,1,5,5,https://cdn.pixabay.com/photo/2015/10/05/22/37/blank-profile-picture-973460_1280.png
2020017,Karim Hugh,Allot Bilton,2020017@universdiad.edu.com,hbiltonnm@merriam-webster.com,3 527 729 459,bzJUcV,964 112 224,1,1,1,https://cdn.pixabay.com/photo/2015/10/05/22/37/blank-profile-picture-973460_1280.png
2020018,Felike Joshua,Ambrosoli Schulz,2020018@universdiad.edu.com,jschulz6y@nationalgeographic.com,10 919 467 780,c4U6wI,886 610 341,2,2,2,https://cdn.pixabay.com/photo/2015/10/05/22/37/blank-profile-picture-973460_1280.png
2020019,Nannette Rhianna,Andrault Hastin,2020019@universdiad.edu.com,rhastin1e@arstechnica.com,6 243 332 662,Eysw3f,485 265 706,2,3,3,https://cdn.pixabay.com/photo/2015/10/05/22/37/blank-profile-picture-973460_1280.png
2020020,Moe Darwin,Andreia Morfett,2020020@universdiad.edu.com,dmorfettjv@discovery.com,8 791 418 260,CXPKop,821 713 164,1,4,4,https://cdn.pixabay.com/photo/2015/10/05/22/37/blank-profile-picture-973460_1280.png
2020021,Ursuline Gilbertina,Andress Spens,2020021@universdiad.edu.com,gspensm7@independent.co.uk,8 933 725 445,x0TADq,291 183 507,2,5,5,https://cdn.pixabay.com/photo/2015/10/05/22/37/blank-profile-picture-973460_1280.png
2020022,Horace Nat,Andrus Adami,2020022@universdiad.edu.com,nadami1i@newyorker.com,3 447 692 527,tuGbGU,926 352 273,1,1,1,https://cdn.pixabay.com/photo/2015/10/05/22/37/blank-profile-picture-973460_1280.png
2020023,Ford Sander,Andryszczak Raubenheim,2020023@universdiad.edu.com,sraubenheim9f@chicagotribune.com,4 626 652 933,V35xXu,742 554 190,2,2,2,https://cdn.pixabay.com/photo/2015/10/05/22/37/blank-profile-picture-973460_1280.png
2020024,Reiko Tana,Angove Digby,2020024@universdiad.edu.com,tdigby5y@freewebs.com,10 138 481 561,tEjIHF,309 811 242,1,3,3,https://cdn.pixabay.com/photo/2015/10/05/22/37/blank-profile-picture-973460_1280.png
2020025,Ozzie Penny,Annatt Paynter,2020025@universdiad.edu.com,ppaynterlb@huffingtonpost.com,4 938 242 336,UA9JKs,481 371 597,2,4,4,https://cdn.pixabay.com/photo/2015/10/05/22/37/blank-profile-picture-973460_1280.png
2020026,Rodrigo Osgood,Annice Child,2020026@universdiad.edu.com,ochildjs@google.ca,8 478 733 605,HlNFVx,816 816 336,1,5,5,https://cdn.pixabay.com/photo/2015/10/05/22/37/blank-profile-picture-973460_1280.png
2020027,Kori Dora,Antat Anker,2020027@universdiad.edu.com,danker7@fotki.com,7 434 111 189,FY9cKd,163 923 864,2,1,1,https://cdn.pixabay.com/photo/2015/10/05/22/37/blank-profile-picture-973460_1280.png
2020028,Vincent Eugen,Aprahamian Pawfoot,2020028@universdiad.edu.com,epawfootes@list-manage.com,5 616 644 286,1PfF5Z,258 249 634,1,2,2,https://cdn.pixabay.com/photo/2015/10/05/22/37/blank-profile-picture-973460_1280.png
2020029,Collette Leonelle,Aries Leguey,2020029@universdiad.edu.com,llegueyig@columbia.edu,5 284 109 507,rtKaFk,928 813 670,2,3,3,https://cdn.pixabay.com/photo/2015/10/05/22/37/blank-profile-picture-973460_1280.png
2020030,Ferdinand Manolo,Arlet Lorait,2020030@universdiad.edu.com,mloraitbn@amazonaws.com,7 723 147 277,XEH3oi,902 366 486,1,4,4,https://cdn.pixabay.com/photo/2015/10/05/22/37/blank-profile-picture-973460_1280.png
2020031,Onfre Rodrigo,Armatys MacGeaney,2020031@universdiad.edu.com,rmacgeaney2d@discovery.com,1 356 132 537,FS6QGJ,516 809 639,2,5,5,https://cdn.pixabay.com/photo/2015/10/05/22/37/blank-profile-picture-973460_1280.png
2020032,Ferdie Woodie,Aronowicz MacNish,2020032@universdiad.edu.com,wmacnishpu@gnu.org,10 287 311 710,Q86OmJ,507 146 234,1,4,1,https://cdn.pixabay.com/photo/2015/10/05/22/37/blank-profile-picture-973460_1280.png
2020033,Lebbie Bria,Artharg Neeves,2020033@universdiad.edu.com,bneeves7l@jimdo.com,6 988 118 584,lrBinq,905 240 406,1,5,2,https://cdn.pixabay.com/photo/2015/10/05/22/37/blank-profile-picture-973460_1280.png
2020034,Zacharias Jedediah,Arundell Chilvers,2020034@universdiad.edu.com,jchilversog@blogger.com,8 927 276 509,MFCXfa,749 619 674,2,1,3,https://cdn.pixabay.com/photo/2015/10/05/22/37/blank-profile-picture-973460_1280.png
2020035,Stormi Correna,Ashcroft Donne,2020035@universdiad.edu.com,cdonnec@blog.com,8 751 462 167,cWODW3,972 169 663,2,2,4,https://cdn.pixabay.com/photo/2015/10/05/22/37/blank-profile-picture-973460_1280.png
2020036,Caresse Darleen,Aspell Vize,2020036@universdiad.edu.com,dvizel7@icq.com,4 348 512 741,aDmqdU,705 216 254,1,3,5,https://cdn.pixabay.com/photo/2015/10/05/22/37/blank-profile-picture-973460_1280.png
2020037,Cornelle Adriena,Astles Cattermoul,2020037@universdiad.edu.com,acattermoulil@usda.gov,1 725 650 617,Jx5lAZ,229 979 675,1,4,1,https://cdn.pixabay.com/photo/2015/10/05/22/37/blank-profile-picture-973460_1280.png
2020038,Janetta Farrand,Astridge Hamilton,2020038@universdiad.edu.com,fhamilton3w@ibm.com,8 366 408 310,kdla5c,700 972 199,2,5,2,https://cdn.pixabay.com/photo/2015/10/05/22/37/blank-profile-picture-973460_1280.png
2020039,Katine Hettie,Attfield Poulglais,2020039@universdiad.edu.com,hpoulglais11@foxnews.com,9 558 764 471,Lo1nC8,994 553 541,2,4,3,https://cdn.pixabay.com/photo/2015/10/05/22/37/blank-profile-picture-973460_1280.png
2020040,Bernardo Zed,Aubri Markl,2020040@universdiad.edu.com,zmarklhf@artisteer.com,3 238 571 264,sSKwa6,981 588 891,1,5,4,https://cdn.pixabay.com/photo/2015/10/05/22/37/blank-profile-picture-973460_1280.png
2020041,Essa Kandy,Ault Yelland,2020041@universdiad.edu.com,kyelland3t@yahoo.co.jp,9 209 798 112,QD7EiW,966 642 317,2,1,5,https://cdn.pixabay.com/photo/2015/10/05/22/37/blank-profile-picture-973460_1280.png
2020042,Fairlie Granville,Austin Zanetti,2020042@universdiad.edu.com,gzanetti3q@buzzfeed.com,9 397 905 290,pUrozX,302 581 848,1,2,1,https://cdn.pixabay.com/photo/2015/10/05/22/37/blank-profile-picture-973460_1280.png
2020043,Peterus Ber,Avramovsky Goodhand,2020043@universdiad.edu.com,bgoodhandhc@symantec.com,5 152 670 489,79BczE,757 194 830,2,3,2,https://cdn.pixabay.com/photo/2015/10/05/22/37/blank-profile-picture-973460_1280.png
2020044,Alessandra Martynne,Axcel D'Oyley,2020044@universdiad.edu.com,mdoyley74@cam.ac.uk,9 959 730 619,YWBOlx,661 549 359,1,4,3,https://cdn.pixabay.com/photo/2015/10/05/22/37/blank-profile-picture-973460_1280.png
2020045,Emelita Elfrida,Axworthy Matfield,2020045@universdiad.edu.com,ematfieldix@dmoz.org,1 948 940 174,A4TAFQ,382 247 351,2,5,4,https://cdn.pixabay.com/photo/2015/10/05/22/37/blank-profile-picture-973460_1280.png
