86568,Danya,Vardey,dvardey0@arstechnica.com,dvardey0@npr.org,1,1,1,http://dummyimage.com/245x170.png/ff4444/ffffff
86569,Mollee,Fingleton,mfingleton1@youku.com,mfingleton1@smh.com.au,2,2,2,http://dummyimage.com/235x219.png/ff4444/ffffff
86570,Murielle,MacKaig,mmackaig2@businessinsider.com,mmackaig2@behance.net,1,3,2,http://dummyimage.com/178x103.jpg/5fa2dd/ffffff
86571,Pietro,Woonton,pwoonton3@foxnews.com,pwoonton3@ftc.gov,2,4,2,http://dummyimage.com/188x198.jpg/dddddd/000000
86572,Tracy,Totterdill,ttotterdill4@ibm.com,ttotterdill4@ocn.ne.jp,2,5,2,http://dummyimage.com/242x231.png/5fa2dd/ffffff
86573,Halley,Backsal,hbacksal5@e-recht24.de,hbacksal5@mac.com,2,6,2,http://dummyimage.com/182x198.png/cc0000/ffffff
86574,Nananne,Metterick,nmetterick6@tinypic.com,nmetterick6@gov.uk,2,7,2,http://dummyimage.com/102x137.bmp/5fa2dd/ffffff
86575,Rand,Aizikov,raizikov7@cdc.gov,raizikov7@businessinsider.com,2,8,1,http://dummyimage.com/238x163.jpg/dddddd/000000
86576,Kim,McKomb,kmckomb8@mozilla.com,kmckomb8@google.it,2,9,1,http://dummyimage.com/245x229.jpg/ff4444/ffffff
86577,Abraham,Fennessy,afennessy9@yandex.ru,afennessy9@ed.gov,2,10,1,http://dummyimage.com/137x246.png/dddddd/000000
86578,Randell,Chadd,rchadda@oaic.gov.au,rchadda@g.co,2,1,2,http://dummyimage.com/191x209.bmp/ff4444/ffffff
86579,Isidro,Danforth,idanforthb@mediafire.com,idanforthb@studiopress.com,1,2,1,http://dummyimage.com/179x154.png/ff4444/ffffff
86580,Sander,Obern,sobernc@constantcontact.com,sobernc@blinklist.com,2,3,1,http://dummyimage.com/101x238.png/ff4444/ffffff
86581,Renard,Duling,rdulingd@ucoz.ru,rdulingd@lulu.com,1,4,1,http://dummyimage.com/142x215.bmp/dddddd/000000
86582,Vina,Welbeck,vwelbecke@ow.ly,vwelbecke@networkadvertising.org,1,5,2,http://dummyimage.com/144x130.jpg/dddddd/000000
86583,Ewart,Falls,efallsf@1und1.de,efallsf@nih.gov,1,6,1,http://dummyimage.com/242x169.bmp/ff4444/ffffff
86584,Kermy,Radke,kradkeg@indiatimes.com,kradkeg@hexun.com,1,7,2,http://dummyimage.com/101x189.png/5fa2dd/ffffff
86585,Ophelia,McVee,omcveeh@virginia.edu,omcveeh@nature.com,2,8,2,http://dummyimage.com/235x237.jpg/dddddd/000000
86586,Sherry,Selcraig,sselcraigi@creativecommons.org,sselcraigi@sourceforge.net,1,9,1,http://dummyimage.com/246x150.png/5fa2dd/ffffff
86587,Lise,Rutigliano,lrutiglianoj@hp.com,lrutiglianoj@ihg.com,2,10,1,http://dummyimage.com/206x124.bmp/dddddd/000000
